{
	"Characters": [{
		"face": 2,
		"skin": 3,
		"arm": 9,
		"body": 9,
		"leg": 9,
		"hair": 0,
		"speed": 256,
		"Gun": "Machine gun",
		"maxHealth": 40,
		"flags": 1024,
		"probabilityToMove": 50,
		"probabilityToTrack": 25,
		"probabilityToShoot": 2,
		"actionDelay": 15
	},
	{
		"face": 2,
		"skin": 6,
		"arm": 9,
		"body": 9,
		"leg": 9,
		"hair": 1,
		"speed": 256,
		"Gun": "Knife",
		"maxHealth": 40,
		"flags": 1024,
		"probabilityToMove": 70,
		"probabilityToTrack": 35,
		"probabilityToShoot": 0,
		"actionDelay": 10
	},
	{
		"face": 2,
		"skin": 0,
		"arm": 9,
		"body": 9,
		"leg": 9,
		"hair": 2,
		"speed": 256,
		"Gun": "Machine gun",
		"maxHealth": 40,
		"flags": 1024,
		"probabilityToMove": 55,
		"probabilityToTrack": 30,
		"probabilityToShoot": 20,
		"actionDelay": 15
	},
	{
		"face": 2,
		"skin": 6,
		"arm": 9,
		"body": 9,
		"leg": 9,
		"hair": 3,
		"speed": 256,
		"Gun": "Flamer",
		"maxHealth": 40,
		"flags": 1024,
		"probabilityToMove": 65,
		"probabilityToTrack": 40,
		"probabilityToShoot": 40,
		"actionDelay": 10
	},
	{
		"face": 2,
		"skin": 4,
		"arm": 9,
		"body": 9,
		"leg": 9,
		"hair": 4,
		"speed": 256,
		"Gun": "Shotgun",
		"maxHealth": 40,
		"flags": 1024,
		"probabilityToMove": 70,
		"probabilityToTrack": 45,
		"probabilityToShoot": 50,
		"actionDelay": 10
	},
	{
		"face": 2,
		"skin": 3,
		"arm": 9,
		"body": 9,
		"leg": 9,
		"hair": 5,
		"speed": 256,
		"Gun": "Chemo gun",
		"maxHealth": 40,
		"flags": 1024,
		"probabilityToMove": 50,
		"probabilityToTrack": 25,
		"probabilityToShoot": 20,
		"actionDelay": 10
	},
	{
		"face": 2,
		"skin": 5,
		"arm": 9,
		"body": 9,
		"leg": 9,
		"hair": 6,
		"speed": 256,
		"Gun": "Chemo bombs",
		"maxHealth": 40,
		"flags": 1024,
		"probabilityToMove": 70,
		"probabilityToTrack": 50,
		"probabilityToShoot": 15,
		"actionDelay": 10
	},
	{
		"face": 2,
		"skin": 8,
		"arm": 9,
		"body": 9,
		"leg": 9,
		"hair": 7,
		"speed": 256,
		"Gun": "Grenades",
		"maxHealth": 40,
		"flags": 1024,
		"probabilityToMove": 70,
		"probabilityToTrack": 50,
		"probabilityToShoot": 10,
		"actionDelay": 10
	},
	{
		"face": 2,
		"skin": 2,
		"arm": 9,
		"body": 9,
		"leg": 9,
		"hair": 8,
		"speed": 128,
		"Gun": "Shotgun",
		"maxHealth": 80,
		"flags": 1024,
		"probabilityToMove": 95,
		"probabilityToTrack": 75,
		"probabilityToShoot": 30,
		"actionDelay": 10
	},
	{
		"face": 2,
		"skin": 9,
		"arm": 9,
		"body": 9,
		"leg": 9,
		"hair": 9,
		"speed": 384,
		"Gun": "Knife",
		"maxHealth": 40,
		"flags": 1024,
		"probabilityToMove": 95,
		"probabilityToTrack": 75,
		"probabilityToShoot": 0,
		"actionDelay": 10
	},
	{
		"face": 2,
		"skin": 2,
		"arm": 9,
		"body": 9,
		"leg": 9,
		"hair": 10,
		"speed": 128,
		"Gun": "Machine gun",
		"maxHealth": 80,
		"flags": 1024,
		"probabilityToMove": 95,
		"probabilityToTrack": 75,
		"probabilityToShoot": 50,
		"actionDelay": 10
	},
	{
		"face": 7,
		"skin": 3,
		"arm": 9,
		"body": 5,
		"leg": 9,
		"hair": 11,
		"speed": 256,
		"Gun": "Machine gun",
		"maxHealth": 120,
		"flags": 1024,
		"probabilityToMove": 95,
		"probabilityToTrack": 50,
		"probabilityToShoot": 10,
		"actionDelay": 5
	},
	{
		"face": 7,
		"skin": 0,
		"arm": 9,
		"body": 0,
		"leg": 9,
		"hair": 12,
		"speed": 256,
		"Gun": "Chemo gun",
		"maxHealth": 120,
		"flags": 1024,
		"probabilityToMove": 95,
		"probabilityToTrack": 50,
		"probabilityToShoot": 20,
		"actionDelay": 5
	},
	{
		"face": 7,
		"skin": 8,
		"arm": 9,
		"body": 2,
		"leg": 9,
		"hair": 13,
		"speed": 256,
		"Gun": "Shotgun",
		"maxHealth": 120,
		"flags": 1024,
		"probabilityToMove": 95,
		"probabilityToTrack": 75,
		"probabilityToShoot": 20,
		"actionDelay": 5
	},
	{
		"face": 7,
		"skin": 4,
		"arm": 9,
		"body": 5,
		"leg": 9,
		"hair": 6,
		"speed": 256,
		"Gun": "Sniper rifle",
		"maxHealth": 120,
		"flags": 1024,
		"probabilityToMove": 50,
		"probabilityToTrack": 25,
		"probabilityToShoot": 30,
		"actionDelay": 10
	},
	{
		"face": 6,
		"skin": 10,
		"arm": 7,
		"body": 7,
		"leg": 9,
		"hair": 12,
		"speed": 256,
		"Gun": "Confusion bombs",
		"maxHealth": 20,
		"flags": 6291456,
		"probabilityToMove": 100,
		"probabilityToTrack": 0,
		"probabilityToShoot": 0,
		"actionDelay": 10
	},
	{
		"face": 6,
		"skin": 1,
		"arm": 7,
		"body": 8,
		"leg": 11,
		"hair": 10,
		"speed": 256,
		"Gun": "Confusion bombs",
		"maxHealth": 20,
		"flags": 6291456,
		"probabilityToMove": 100,
		"probabilityToTrack": 0,
		"probabilityToShoot": 0,
		"actionDelay": 10
	},
	{
		"face": 6,
		"skin": 11,
		"arm": 3,
		"body": 3,
		"leg": 0,
		"hair": 12,
		"speed": 256,
		"Gun": "Confusion bombs",
		"maxHealth": 20,
		"flags": 6291456,
		"probabilityToMove": 100,
		"probabilityToTrack": 0,
		"probabilityToShoot": 0,
		"actionDelay": 10
	},
	{
		"face": 12,
		"skin": 1,
		"arm": 8,
		"body": 10,
		"leg": 2,
		"hair": 8,
		"speed": 256,
		"Gun": "Confusion bombs",
		"maxHealth": 20,
		"flags": 6291456,
		"probabilityToMove": 100,
		"probabilityToTrack": 0,
		"probabilityToShoot": 0,
		"actionDelay": 10
	},
	{
		"face": 4,
		"skin": 11,
		"arm": 0,
		"body": 0,
		"leg": 0,
		"hair": 8,
		"speed": 256,
		"Gun": "Powergun",
		"maxHealth": 40,
		"flags": 131072,
		"probabilityToMove": 50,
		"probabilityToTrack": 0,
		"probabilityToShoot": 5,
		"actionDelay": 10
	},
	{
		"face": 4,
		"skin": 1,
		"arm": 0,
		"body": 0,
		"leg": 0,
		"hair": 8,
		"speed": 256,
		"Gun": "Flamer",
		"maxHealth": 40,
		"flags": 131072,
		"probabilityToMove": 50,
		"probabilityToTrack": 0,
		"probabilityToShoot": 15,
		"actionDelay": 10
	},
	{
		"face": 4,
		"skin": 10,
		"arm": 0,
		"body": 0,
		"leg": 0,
		"hair": 8,
		"speed": 256,
		"Gun": "Machine gun",
		"maxHealth": 40,
		"flags": 131072,
		"probabilityToMove": 50,
		"probabilityToTrack": 0,
		"probabilityToShoot": 5,
		"actionDelay": 10
	},
	{
		"face": 2,
		"skin": 10,
		"arm": 1,
		"body": 5,
		"leg": 2,
		"hair": 12,
		"speed": 256,
		"Gun": "Confusion bombs",
		"maxHealth": 20,
		"flags": 6291456,
		"probabilityToMove": 100,
		"probabilityToTrack": 0,
		"probabilityToShoot": 0,
		"actionDelay": 10
	},
	{
		"face": 2,
		"skin": 3,
		"arm": 1,
		"body": 0,
		"leg": 4,
		"hair": 12,
		"speed": 256,
		"Gun": "Confusion bombs",
		"maxHealth": 20,
		"flags": 6291456,
		"probabilityToMove": 75,
		"probabilityToTrack": 0,
		"probabilityToShoot": 0,
		"actionDelay": 15
	},
	{
		"face": 2,
		"skin": 6,
		"arm": 4,
		"body": 3,
		"leg": 8,
		"hair": 12,
		"speed": 256,
		"Gun": "Confusion bombs",
		"maxHealth": 20,
		"flags": 6291456,
		"probabilityToMove": 75,
		"probabilityToTrack": 0,
		"probabilityToShoot": 0,
		"actionDelay": 15
	},
	{
		"face": 2,
		"skin": 9,
		"arm": 8,
		"body": 7,
		"leg": 11,
		"hair": 12,
		"speed": 256,
		"Gun": "Confusion bombs",
		"maxHealth": 20,
		"flags": 6291456,
		"probabilityToMove": 75,
		"probabilityToTrack": 0,
		"probabilityToShoot": 0,
		"actionDelay": 15
	},
	{
		"face": 2,
		"skin": 11,
		"arm": 6,
		"body": 8,
		"leg": 3,
		"hair": 11,
		"speed": 256,
		"Gun": "Confusion bombs",
		"maxHealth": 20,
		"flags": 6291456,
		"probabilityToMove": 75,
		"probabilityToTrack": 0,
		"probabilityToShoot": 0,
		"actionDelay": 15
	},
	{
		"face": 7,
		"skin": 5,
		"arm": 9,
		"body": 1,
		"leg": 9,
		"hair": 1,
		"speed": 256,
		"Gun": "Shotgun",
		"maxHealth": 120,
		"flags": 1024,
		"probabilityToMove": 50,
		"probabilityToTrack": 25,
		"probabilityToShoot": 30,
		"actionDelay": 5
	},
	{
		"face": 16,
		"skin": 1,
		"arm": 1,
		"body": 6,
		"leg": 4,
		"hair": 13,
		"speed": 256,
		"Gun": "Confusion bombs",
		"maxHealth": 20,
		"flags": 6291456,
		"probabilityToMove": 100,
		"probabilityToTrack": 0,
		"probabilityToShoot": 0,
		"actionDelay": 15
	},
	{
		"face": 7,
		"skin": 6,
		"arm": 9,
		"body": 4,
		"leg": 9,
		"hair": 3,
		"speed": 256,
		"Gun": "Confusion bombs",
		"maxHealth": 400,
		"flags": 1967104,
		"probabilityToMove": 100,
		"probabilityToTrack": 50,
		"probabilityToShoot": 0,
		"actionDelay": 5
	},
	{
		"face": 2,
		"skin": 8,
		"arm": 12,
		"body": 8,
		"leg": 9,
		"hair": 12,
		"speed": 256,
		"Gun": "Shotgun",
		"maxHealth": 80,
		"flags": 8389632,
		"probabilityToMove": 75,
		"probabilityToTrack": 25,
		"probabilityToShoot": 52,
		"actionDelay": 5
	},
	{
		"face": 2,
		"skin": 8,
		"arm": 12,
		"body": 8,
		"leg": 9,
		"hair": 12,
		"speed": 256,
		"Gun": "Chemo gun",
		"maxHealth": 80,
		"flags": 8389632,
		"probabilityToMove": 75,
		"probabilityToTrack": 25,
		"probabilityToShoot": 52,
		"actionDelay": 5
	},
	{
		"face": 2,
		"skin": 8,
		"arm": 12,
		"body": 8,
		"leg": 9,
		"hair": 12,
		"speed": 256,
		"Gun": "Flamer",
		"maxHealth": 80,
		"flags": 8389632,
		"probabilityToMove": 75,
		"probabilityToTrack": 25,
		"probabilityToShoot": 52,
		"actionDelay": 5
	},
	{
		"face": 2,
		"skin": 5,
		"arm": 6,
		"body": 6,
		"leg": 6,
		"hair": 12,
		"speed": 256,
		"Gun": "Shotgun",
		"maxHealth": 80,
		"flags": 197632,
		"probabilityToMove": 70,
		"probabilityToTrack": 5,
		"probabilityToShoot": 10,
		"actionDelay": 15
	},
	{
		"face": 2,
		"skin": 0,
		"arm": 6,
		"body": 6,
		"leg": 6,
		"hair": 12,
		"speed": 256,
		"Gun": "Powergun",
		"maxHealth": 80,
		"flags": 197632,
		"probabilityToMove": 50,
		"probabilityToTrack": 5,
		"probabilityToShoot": 15,
		"actionDelay": 15
	},
	{
		"face": 2,
		"skin": 8,
		"arm": 6,
		"body": 6,
		"leg": 6,
		"hair": 12,
		"speed": 256,
		"Gun": "Sniper rifle",
		"maxHealth": 80,
		"flags": 197632,
		"probabilityToMove": 50,
		"probabilityToTrack": 5,
		"probabilityToShoot": 32,
		"actionDelay": 15
	},
	{
		"face": 7,
		"skin": 9,
		"arm": 6,
		"body": 6,
		"leg": 6,
		"hair": 6,
		"speed": 256,
		"Gun": "Knife",
		"maxHealth": 120,
		"flags": 197632,
		"probabilityToMove": 80,
		"probabilityToTrack": 5,
		"probabilityToShoot": 0,
		"actionDelay": 10
	},
	{
		"face": 7,
		"skin": 9,
		"arm": 9,
		"body": 3,
		"leg": 9,
		"hair": 0,
		"speed": 256,
		"Gun": "Machine gun",
		"maxHealth": 200,
		"flags": 8390144,
		"probabilityToMove": 75,
		"probabilityToTrack": 50,
		"probabilityToShoot": 10,
		"actionDelay": 5
	},
	{
		"face": 7,
		"skin": 9,
		"arm": 9,
		"body": 3,
		"leg": 9,
		"hair": 5,
		"speed": 256,
		"Gun": "Powergun",
		"maxHealth": 200,
		"flags": 8390144,
		"probabilityToMove": 75,
		"probabilityToTrack": 50,
		"probabilityToShoot": 10,
		"actionDelay": 5
	},
	{
		"face": 7,
		"skin": 9,
		"arm": 9,
		"body": 3,
		"leg": 9,
		"hair": 7,
		"speed": 256,
		"Gun": "Sniper rifle",
		"maxHealth": 200,
		"flags": 8390144,
		"probabilityToMove": 75,
		"probabilityToTrack": 50,
		"probabilityToShoot": 10,
		"actionDelay": 5
	},
	{
		"face": 7,
		"skin": 9,
		"arm": 9,
		"body": 3,
		"leg": 9,
		"hair": 6,
		"speed": 256,
		"Gun": "Flamer",
		"maxHealth": 200,
		"flags": 8390144,
		"probabilityToMove": 75,
		"probabilityToTrack": 50,
		"probabilityToShoot": 10,
		"actionDelay": 5
	},
	{
		"face": 7,
		"skin": 9,
		"arm": 9,
		"body": 3,
		"leg": 9,
		"hair": 13,
		"speed": 256,
		"Gun": "Shotgun",
		"maxHealth": 200,
		"flags": 8390144,
		"probabilityToMove": 75,
		"probabilityToTrack": 50,
		"probabilityToShoot": 10,
		"actionDelay": 5
	}]
}