{
  "Version": 1,
  "Bullets": [
	{
      "Name": "spreadgun_bullet",
      "Pic": {
        "Type": "Normal",
        "Pic": "spreadgun_bullet"
      },
      "Speed": 1000,
      "Range": 50,
      "Power": 5,
      "Spark": "",
      "HitSounds": {
        "Object": "spreadgun_hit_hard",
        "Flesh": "spreadgun_hit",
        "Wall": "spreadgun_hit"
      }
    },
	{
      "Name": "vulcan_bullet",
      "Pic": {
        "Type": "Directional",
        "Sprites": "vulcan_bullet"
      },
      "Speed": 1000,
      "Range": 50,
      "Power": 3,
      "Spark": "",
      "HitSounds": {
        "Object": "vulcan_hit",
        "Flesh": "vulcan_hit",
        "Wall": "vulcan_hit"
      }
    },
	{
      "Name": "chaser2_bullet",
      "Pic": {
        "Type": "Normal",
        "Pic": "chaser2_bullet"
      },
      "Speed": 1200,
      "Range": 60,
      "Power": 3,
      "HitSounds": {
        "Object": "",
        "Flesh": "",
        "Wall": ""
      },
	  "SeekFactor": 11
    },
	{
      "Name": "grenade",
      "Pic": {
        "Type": "Animated",
        "Sprites": "grenade",
		"TicksPerFrame": 4
      },
      "Speed": 340,
      "Range": 80,
      "Power": 1,
      "HitSounds": {
        "Object": "",
        "Flesh": "",
        "Wall": ""
      },
	  "WallBounces": true,
	  "Falling": {
        "GravityFactor": 1
      },
	  "OutOfRangeGuns": [
        "grenade_explosion1",
		"grenade_explosion2",
		"grenade_explosion3"
      ],
      "HitGuns": [
        "grenade_explosion1",
		"grenade_explosion2",
		"grenade_explosion3"
      ]
    },
    {
      "Name": "grenade_fireball1",
      "Pic": {
        "Type": "Animated",
        "Sprites": "fireball",
        "TicksPerFrame": 3
      },
      "Speed": 0,
      "Range": 40,
      "Power": 1,
      "Size": [7, 5],
      "HurtAlways": true,
      "Persists": true,
      "Spark": "",
      "HitSounds": {
        "Object": "",
        "Flesh": "",
        "Wall": ""
      },
      "Falling": {
        "GravityFactor": 1,
		"FallsDown": false
      }
    },
    {
      "Name": "grenade_fireball2",
      "Pic": {
        "Type": "Animated",
        "Sprites": "fireball",
        "Count": -8,
        "TicksPerFrame": 3
      },
      "Speed": 0,
      "Range": 48,
      "Power": 0,
      "Size": [7, 5],
      "HurtAlways": true,
      "Persists": true,
      "Spark": "",
      "HitSounds": {
        "Object": "",
        "Flesh": "",
        "Wall": ""
      },
      "Falling": {
        "GravityFactor": 1,
		"FallsDown": false
      }
    },
    {
      "Name": "grenade_fireball3",
      "Pic": {
        "Type": "Animated",
        "Sprites": "fireball",
        "Count": -16,
        "TicksPerFrame": 3
      },
      "Speed": 0,
      "Range": 56,
      "Power": 0,
      "Size": [7, 5],
      "HurtAlways": true,
      "Persists": true,
      "Spark": "",
      "HitSounds": {
        "Object": "",
        "Flesh": "",
        "Wall": ""
      },
      "Falling": {
        "GravityFactor": 1,
		"FallsDown": false
      }
    },
	{
      "Name": "laser_designator",
      "Pic": {
        "Type": "Normal",
        "Pic": ""
      },
      "Speed": 2300,
      "Range": 20,
      "Power": 0,
      "Spark": "",
	  "HitSounds": {
        "Object": "",
        "Flesh": "",
        "Wall": ""
      },
	  "Falling": {
        "GravityFactor": 10
      },
      "HitsObjects": false,
	  "OutOfRangeGuns": [
		"laser_dot"
	  ],
      "HitGuns": [
        "laser_dot"
      ]
    },
	{
      "Name": "laser_dot",
      "Pic": {
        "Type": "Animated",
        "Sprites": "laser_dot",
		"TicksPerFrame": 1
      },
      "Speed": 0,
      "Range": 300,
      "Power": 0,
      "Spark": "",
      "HitsObjects": false,
	  "Persists": true,
	  "OutOfRangeGuns": [
		"nuke_incoming"
	  ]
    },
	{
      "Name": "nuke_incoming",
      "Pic": {
        "Type": "Normal",
        "Pic": ""
      },
      "Speed": 0,
      "Range": 1,
      "Power": 0,
      "Spark": "",
      "HitsObjects": false,
	  "Persists": true,
	  "Falling": {
        "GravityFactor": -1
      },
	  "OutOfRangeGuns": [
		"nuclear_strike"
	  ]
    },
	{
      "Name": "nuke",
      "Pic": {
        "Type": "Animated",
        "Sprites": "nuke",
		"TicksPerFrame": 1
      },
	  "ShadowSize": [6, 4],
      "Speed": 0,
      "Range": 100,
      "Power": 0,
      "Spark": "",
      "HitsObjects": false,
	  "Persists": true,
	  "Falling": {
        "GravityFactor": 1,
		"DestroyOnDrop": true,
        "DropGuns": [
		  "big_explosion1",
		  "big_explosion2",
          "explosion1",
		  "explosion2",
		  "explosion3",
		  "frag_explosion"
        ]
      },
	  "HitSounds": {
        "Object": "",
        "Flesh": "",
        "Wall": ""
      }
    },
	{
      "Name": "big_explosion_spawner1",
      "Pic": {
        "Type": "Normal",
        "Pic": ""
      },
      "Speed": 800,
      "Range": 14,
      "Power": 0,
      "Spark": "",
      "HitsObjects": false,
	  "Persists": true,
      "OutOfRangeGuns": [
        "explosion1",
        "explosion2",
        "explosion3"
      ]
    },
	{
      "Name": "big_explosion_spawner2",
      "Pic": {
        "Type": "Normal",
        "Pic": ""
      },
      "Speed": 800,
      "Range": 28,
      "Power": 0,
      "Spark": "",
      "HitsObjects": false,
	  "Persists": true,
      "OutOfRangeGuns": [
        "explosion1",
        "explosion2",
        "explosion3"
      ]
    },
    {
      "Name": "booby_trap_pod",
      "Pic": {
        "Type": "Animated",
        "Sprites": "crystal",
        "TicksPerFrame": 8
      },
      "Speed": 400,
      "Range": 60,
      "Power": 0,
      "ShadowSize": [4, 3],
      "Size": [4, 4],
      "Spark": "",
      "HitSounds": {
        "Object": "",
        "Flesh": "",
        "Wall": "bounce"
      },
      "WallBounces": true,
      "HitsObjects": false,
      "Falling": {
        "GravityFactor": 1,
        "Bounces": true
      },
      "OutOfRangeGuns": [
        "booby_trap_deployer"
      ]
    },
    {
      "Name": "booby_trap",
      "Pic": {
        "Type": "Normal",
        "Pic": "health"
      },
      "Range": -1,
      "Persists": true,
      "ProximityGuns": [
        "fire_explosion"
      ]
    }
  ]
}