{
	"Missions": [{
		"Title": "Mission 1",
		"Description": "",
		"Type": "Classic",
		"Width": 38,
		"Height": 38,
		"WallStyle": 5,
		"FloorStyle": 1,
		"RoomStyle": 0,
		"ExitStyle": 0,
		"KeyStyle": 0,
		"DoorStyle": 0,
		"Objectives": [],
		"Enemies": [0],
		"SpecialChars": [],
		"Items": [0,
		1],
		"ItemDensities": [105,
		55],
		"EnemyDensity": 35,
		"Weapons": ["Knife",
		"Machine gun",
		"Grenades",
		"Flamer",
		"Shotgun",
		"Powergun",
		"Shrapnel bombs",
		"Molotovs",
		"Sniper rifle",
		"Prox. mine",
		"Dynamite",
		"Chemo bombs",
		"Petrify gun",
		"Browny gun",
		"Confusion bombs",
		"Chemo gun",
		"Pulse rifle",
		"Heatseeker",
		"Swarmer",
		"Launcher",
		"Pistol",
		"Spread Gun",
		"Chaser2",
		"Stick Grenade",
		"Vulcan",
		"Nuclear Strike",
		"Booby Trap"],
		"Song": "",
		"WallColor": 17,
		"FloorColor": 15,
		"RoomColor": 0,
		"AltColor": 0,
		"Walls": 10,
		"WallLength": 8,
		"CorridorWidth": 2,
		"Rooms": {
			"Count": 0,
			"Min": 0,
			"Max": 0,
			"Edge": false,
			"Overlap": false,
			"Walls": 0,
			"WallLength": 0,
			"WallPad": 0
		},
		"Squares": 0,
		"Doors": {
			"Enabled": false,
			"Min": 0,
			"Max": 0
		},
		"Pillars": {
			"Count": 0,
			"Min": 0,
			"Max": 0
		}
	}]
}