{
	"Characters": [{
		"face": 2,
		"skin": 3,
		"arm": 9,
		"body": 9,
		"leg": 9,
		"hair": 12,
		"speed": 0,
		"Gun": "Machine gun",
		"maxHealth": 40,
		"flags": 42468352,
		"probabilityToMove": 0,
		"probabilityToTrack": 0,
		"probabilityToShoot": 100,
		"actionDelay": 15
	},
	{
		"face": 3,
		"skin": 11,
		"arm": 9,
		"body": 9,
		"leg": 9,
		"hair": 12,
		"speed": 0,
		"Gun": "Pistol",
		"maxHealth": 40,
		"flags": 42468352,
		"probabilityToMove": 0,
		"probabilityToTrack": 0,
		"probabilityToShoot": 100,
		"actionDelay": 15
	},
	{
		"face": 4,
		"skin": 10,
		"arm": 9,
		"body": 9,
		"leg": 9,
		"hair": 12,
		"speed": 0,
		"Gun": "Pulse rifle",
		"maxHealth": 40,
		"flags": 42468352,
		"probabilityToMove": 0,
		"probabilityToTrack": 0,
		"probabilityToShoot": 100,
		"actionDelay": 15
	},
	{
		"face": 8,
		"skin": 1,
		"arm": 9,
		"body": 9,
		"leg": 9,
		"hair": 12,
		"speed": 0,
		"Gun": "Powergun",
		"maxHealth": 40,
		"flags": 42468352,
		"probabilityToMove": 0,
		"probabilityToTrack": 0,
		"probabilityToShoot": 100,
		"actionDelay": 15
	}]
}