{
	"Characters": [{
		"face": 6,
		"skin": 10,
		"arm": 7,
		"body": 7,
		"leg": 9,
		"hair": 13,
		"speed": 256,
		"Gun": "Chemo bombs",
		"maxHealth": 40,
		"flags": 39977984,
		"probabilityToMove": 100,
		"probabilityToTrack": 0,
		"probabilityToShoot": 0,
		"actionDelay": 5
	},
	{
		"face": 12,
		"skin": 1,
		"arm": 7,
		"body": 7,
		"leg": 9,
		"hair": 9,
		"speed": 256,
		"Gun": "Chemo bombs",
		"maxHealth": 40,
		"flags": 39977984,
		"probabilityToMove": 100,
		"probabilityToTrack": 0,
		"probabilityToShoot": 0,
		"actionDelay": 22
	},
	{
		"face": 16,
		"skin": 1,
		"arm": 7,
		"body": 7,
		"leg": 9,
		"hair": 11,
		"speed": 256,
		"Gun": "Chemo bombs",
		"maxHealth": 40,
		"flags": 39977984,
		"probabilityToMove": 100,
		"probabilityToTrack": 0,
		"probabilityToShoot": 0,
		"actionDelay": 15
	},
	{
		"face": 3,
		"skin": 11,
		"arm": 7,
		"body": 7,
		"leg": 9,
		"hair": 0,
		"speed": 256,
		"Gun": "Chemo bombs",
		"maxHealth": 40,
		"flags": 39977984,
		"probabilityToMove": 100,
		"probabilityToTrack": 0,
		"probabilityToShoot": 0,
		"actionDelay": 15
	},
	{
		"face": 14,
		"skin": 7,
		"arm": 12,
		"body": 12,
		"leg": 12,
		"hair": 4,
		"speed": 128,
		"Gun": "Chemo gun",
		"maxHealth": 100,
		"flags": 25691648,
		"probabilityToMove": 100,
		"probabilityToTrack": 80,
		"probabilityToShoot": 42,
		"actionDelay": 5
	},
	{
		"face": 13,
		"skin": 13,
		"arm": 13,
		"body": 13,
		"leg": 13,
		"hair": 10,
		"speed": 256,
		"Gun": "Chemo bombs",
		"maxHealth": 50,
		"flags": 16778752,
		"probabilityToMove": 50,
		"probabilityToTrack": 15,
		"probabilityToShoot": 17,
		"actionDelay": 19
	},
	{
		"face": 13,
		"skin": 6,
		"arm": 6,
		"body": 6,
		"leg": 6,
		"hair": 4,
		"speed": 256,
		"Gun": "Molotovs",
		"maxHealth": 50,
		"flags": 16778752,
		"probabilityToMove": 50,
		"probabilityToTrack": 40,
		"probabilityToShoot": 17,
		"actionDelay": 15
	},
	{
		"face": 7,
		"skin": 6,
		"arm": 6,
		"body": 9,
		"leg": 6,
		"hair": 6,
		"speed": 512,
		"Gun": "Grenades",
		"maxHealth": 50,
		"flags": 16778752,
		"probabilityToMove": 55,
		"probabilityToTrack": 45,
		"probabilityToShoot": 32,
		"actionDelay": 22
	},
	{
		"face": 15,
		"skin": 12,
		"arm": 9,
		"body": 12,
		"leg": 9,
		"hair": 6,
		"speed": 512,
		"Gun": "Shrapnel bombs",
		"maxHealth": 500,
		"flags": 25232896,
		"probabilityToMove": 55,
		"probabilityToTrack": 55,
		"probabilityToShoot": 100,
		"actionDelay": 15
	},
	{
		"face": 15,
		"skin": 7,
		"arm": 8,
		"body": 7,
		"leg": 8,
		"hair": 0,
		"speed": 512,
		"Gun": "Knife",
		"maxHealth": 200,
		"flags": 16778752,
		"probabilityToMove": 75,
		"probabilityToTrack": 100,
		"probabilityToShoot": 0,
		"actionDelay": 12
	}]
}