{
	"Characters": [{
		"face": 6,
		"skin": 4,
		"arm": 8,
		"body": 8,
		"leg": 8,
		"hair": 2,
		"speed": 128,
		"Gun": "Shotgun",
		"maxHealth": 20,
		"flags": 1024,
		"probabilityToMove": 50,
		"probabilityToTrack": 10,
		"probabilityToShoot": 2,
		"actionDelay": 20
	},
	{
		"face": 6,
		"skin": 4,
		"arm": 4,
		"body": 10,
		"leg": 11,
		"hair": 3,
		"speed": 192,
		"Gun": "Marine Pistol",
		"maxHealth": 30,
		"flags": 1024,
		"probabilityToMove": 50,
		"probabilityToTrack": 25,
		"probabilityToShoot": 2,
		"actionDelay": 20
	},
	{
		"face": 2,
		"skin": 11,
		"arm": 1,
		"body": 1,
		"leg": 1,
		"hair": 2,
		"speed": 192,
		"Gun": "Imp Fireball",
		"maxHealth": 40,
		"flags": 1024,
		"probabilityToMove": 50,
		"probabilityToTrack": 25,
		"probabilityToShoot": 7,
		"actionDelay": 15
	},
	{
		"face": 9,
		"skin": 5,
		"arm": 2,
		"body": 5,
		"leg": 5,
		"hair": 5,
		"speed": 320,
		"Gun": "Knife",
		"maxHealth": 70,
		"flags": 1024,
		"probabilityToMove": 60,
		"probabilityToTrack": 25,
		"probabilityToShoot": 0,
		"actionDelay": 13
	},
	{
		"face": 9,
		"skin": 5,
		"arm": 2,
		"body": 5,
		"leg": 5,
		"hair": 5,
		"speed": 320,
		"Gun": "Knife",
		"maxHealth": 70,
		"flags": 3072,
		"probabilityToMove": 60,
		"probabilityToTrack": 25,
		"probabilityToShoot": 0,
		"actionDelay": 13
	},
	{
		"face": 7,
		"skin": 5,
		"arm": 2,
		"body": 5,
		"leg": 10,
		"hair": 8,
		"speed": 256,
		"Gun": "Baron Fireball",
		"maxHealth": 500,
		"flags": 33555456,
		"probabilityToMove": 40,
		"probabilityToTrack": 25,
		"probabilityToShoot": 12,
		"actionDelay": 10
	}]
}