{
  "Version": 1,
  "Guns": [
    {
      "Name": "Super shotgun",
      "Icon": "shotgun",
      "Description": "The super shotgun is very slow firing, but fires a big burst of lead.",
      "Bullet": "sshotgun",
      "Cost": 10,
      "Lock": 114,
      "ReloadLead": 50,
      "Sound": "sshotgun",
      "ReloadSound": "sshotgun_r",
      "SpreadCount": 10,
      "SpreadWidth": 0.05,
      "MuzzleFlashParticle": "muzzle_flash_shotgun",
      "Brass": "shotshell",
      "Ammo": "Shells"
    },
    {
      "Name": "BFG 9000",
      "Icon": "bfg",
      "Description": "An experimental energy weapon, the BFG unleashes giant balls of green plasma that will melt anything within a large radius.",
      "Bullet": "bfg",
      "Cost": 20,
      "Lock": 80,
      "ReloadLead": 15,
      "Sound": "bfg",
      "ReloadSound": "powergun_r",
      "MuzzleFlashSprite": "muzzle_flash_big",
      "MuzzleFlashColor": "00ff00",
      "MuzzleFlashDuration": 20,
      "Ammo": "Cells"
    },
    {
      "Pic": "knife",
      "Icon": "chainsaw",
      "Name": "Chainsaw",
      "Description": "What's a chainsaw doing on Mars? Who cares, as long as your enemy is ripped to pieces!",
      "Bullet": "chainsaw",
      "Cost": 0,
      "Lock": 5,
      "Sound": "",
      "SoundLockLength": 50,
      "CanShoot": false
    },
    {
      "Name": "Plasma gun",
      "Icon": "pulse_rifle",
      "Description": "A futuristic energy weapon, fires a rapid stream of hot plasma.",
      "Bullet": "plasma",
      "Cost": 2,
      "Lock": 6,
      "Sound": "pulse",
      "Recoil": 0.17,
      "MuzzleFlashParticle": "muzzle_flash_pulse",
      "Ammo": "Mini cells"
    }
  ],
  "PseudoGuns" : [
    {
      "Pic": "",
      "Name": "explosion_bfg",
      "Bullet": "bfg_tracer",
      "SpreadCount": 20,
      "SpreadWidth": 0.31
    }
  ]
}
