{
  "Version": 1,
  "Pickups": [
    {
      "Name": "folder",
      "Pic": "folder",
      "OldPic": 218,
      "Type": "Score"
    },
    {
      "Name": "disk1",
      "Pic": "disk1",
      "OldPic": 219,
      "Type": "Score"
    },
    {
      "Name": "disk2",
      "Pic": "disk2",
      "OldPic": 220,
      "Type": "Score"
    },
    {
      "Name": "disk3",
      "Pic": "disk3",
      "OldPic": 221,
      "Type": "Score"
    },
    {
      "Name": "blueprint",
      "Pic": "blueprint",
      "OldPic": 504,
      "Type": "Score"
    },
    {
      "Name": "cd",
      "Pic": "cd",
      "OldPic": 505,
      "Type": "Score"
    },
    {
      "Name": "bag",
      "Pic": "bag",
      "OldPic": 506,
      "Type": "Score"
    },
    {
      "Name": "holo",
      "Pic": "holo",
      "OldPic": 507,
      "Type": "Score"
    },
    {
      "Name": "bottle",
      "Pic": "bottle",
      "OldPic": 508,
      "Type": "Score"
    },
    {
      "Name": "radio",
      "Pic": "radio",
      "OldPic": 509,
      "Type": "Score"
    },
    {
      "Name": "circuit",
      "Pic": "circuit",
      "OldPic": 510,
      "Type": "Score"
    },
    {
      "Name": "paper",
      "Pic": "paper",
      "OldPic": 511,
      "Type": "Score"
    },
    {
      "Name": "health",
      "Pic": "health",
      "Type": "Health"
    },
    {
      "Name": "key_office_yellow",
      "Pic": "key_office_yellow",
      "OldPic": 290,
      "Type": "Key",
      "Key": "yellow"
    },
    {
      "Name": "key_office_green",
      "Pic": "key_office_green",
      "OldPic": 287,
      "Type": "Key",
      "Key": "green"
    },
    {
      "Name": "key_office_blue",
      "Pic": "key_office_blue",
      "OldPic": 284,
      "Type": "Key",
      "Key": "blue"
    },
    {
      "Name": "key_office_red",
      "Pic": "key_office_red",
      "OldPic": 281,
      "Type": "Key",
      "Key": "red"
    },
    {
      "Name": "key_dungeon_yellow",
      "Pic": "key_dungeon_yellow",
      "OldPic": 353,
      "Type": "Key",
      "Key": "yellow"
    },
    {
      "Name": "key_dungeon_green",
      "Pic": "key_dungeon_green",
      "OldPic": 354,
      "Type": "Key",
      "Key": "green"
    },
    {
      "Name": "key_dungeon_blue",
      "Pic": "key_dungeon_blue",
      "OldPic": 355,
      "Type": "Key",
      "Key": "blue"
    },
    {
      "Name": "key_dungeon_red",
      "Pic": "key_dungeon_red",
      "OldPic": 356,
      "Type": "Key",
      "Key": "red"
    },
    {
      "Name": "key_plain_yellow",
      "Pic": "key_plain_yellow",
      "OldPic": 543,
      "Type": "Key",
      "Key": "yellow"
    },
    {
      "Name": "key_plain_green",
      "Pic": "key_plain_green",
      "OldPic": 540,
      "Type": "Key",
      "Key": "green"
    },
    {
      "Name": "key_plain_blue",
      "Pic": "key_plain_blue",
      "OldPic": 537,
      "Type": "Key",
      "Key": "blue"
    },
    {
      "Name": "key_plain_red",
      "Pic": "key_plain_red",
      "OldPic": 534,
      "Type": "Key",
      "Key": "red"
    },
    {
      "Name": "key_cube_yellow",
      "Pic": "key_cube_yellow",
      "OldPic": 558,
      "Type": "Key",
      "Key": "yellow"
    },
    {
      "Name": "key_cube_green",
      "Pic": "key_cube_green",
      "OldPic": 555,
      "Type": "Key",
      "Key": "green"
    },
    {
      "Name": "key_cube_blue",
      "Pic": "key_cube_blue",
      "OldPic": 552,
      "Type": "Key",
      "Key": "blue"
    },
    {
      "Name": "key_cube_red",
      "Pic": "key_cube_red",
      "OldPic": 549,
      "Type": "Key",
      "Key": "red"
    }
  ]
}