{
	"Characters": [{
		"face": 4,
		"skin": 1,
		"arm": 3,
		"body": 3,
		"leg": 3,
		"hair": 13,
		"speed": 256,
		"Gun": "Powergun",
		"maxHealth": 40,
		"flags": 33685504,
		"probabilityToMove": 50,
		"probabilityToTrack": 0,
		"probabilityToShoot": 15,
		"actionDelay": 15
	},
	{
		"face": 4,
		"skin": 11,
		"arm": 3,
		"body": 3,
		"leg": 3,
		"hair": 13,
		"speed": 256,
		"Gun": "Machine gun",
		"maxHealth": 40,
		"flags": 33685504,
		"probabilityToMove": 50,
		"probabilityToTrack": 0,
		"probabilityToShoot": 15,
		"actionDelay": 15
	},
	{
		"face": 4,
		"skin": 10,
		"arm": 3,
		"body": 3,
		"leg": 3,
		"hair": 13,
		"speed": 256,
		"Gun": "Flamer",
		"maxHealth": 40,
		"flags": 33685504,
		"probabilityToMove": 50,
		"probabilityToTrack": 0,
		"probabilityToShoot": 15,
		"actionDelay": 15
	},
	{
		"face": 6,
		"skin": 1,
		"arm": 7,
		"body": 7,
		"leg": 9,
		"hair": 13,
		"speed": 256,
		"Gun": "Confusion bombs",
		"maxHealth": 20,
		"flags": 6356992,
		"probabilityToMove": 100,
		"probabilityToTrack": 50,
		"probabilityToShoot": 0,
		"actionDelay": 15
	},
	{
		"face": 6,
		"skin": 11,
		"arm": 7,
		"body": 7,
		"leg": 9,
		"hair": 12,
		"speed": 256,
		"Gun": "Confusion bombs",
		"maxHealth": 20,
		"flags": 6356992,
		"probabilityToMove": 100,
		"probabilityToTrack": 50,
		"probabilityToShoot": 0,
		"actionDelay": 15
	},
	{
		"face": 3,
		"skin": 10,
		"arm": 7,
		"body": 8,
		"leg": 9,
		"hair": 8,
		"speed": 256,
		"Gun": "Confusion bombs",
		"maxHealth": 20,
		"flags": 6356992,
		"probabilityToMove": 100,
		"probabilityToTrack": 50,
		"probabilityToShoot": 0,
		"actionDelay": 15
	},
	{
		"face": 12,
		"skin": 1,
		"arm": 7,
		"body": 10,
		"leg": 9,
		"hair": 9,
		"speed": 256,
		"Gun": "Confusion bombs",
		"maxHealth": 20,
		"flags": 6356992,
		"probabilityToMove": 100,
		"probabilityToTrack": 50,
		"probabilityToShoot": 0,
		"actionDelay": 15
	},
	{
		"face": 16,
		"skin": 1,
		"arm": 9,
		"body": 6,
		"leg": 4,
		"hair": 6,
		"speed": 256,
		"Gun": "Confusion bombs",
		"maxHealth": 20,
		"flags": 6356992,
		"probabilityToMove": 100,
		"probabilityToTrack": 50,
		"probabilityToShoot": 0,
		"actionDelay": 15
	},
	{
		"face": 6,
		"skin": 1,
		"arm": 7,
		"body": 10,
		"leg": 9,
		"hair": 6,
		"speed": 256,
		"Gun": "Confusion bombs",
		"maxHealth": 20,
		"flags": 6356992,
		"probabilityToMove": 100,
		"probabilityToTrack": 50,
		"probabilityToShoot": 0,
		"actionDelay": 15
	},
	{
		"face": 6,
		"skin": 1,
		"arm": 7,
		"body": 0,
		"leg": 9,
		"hair": 10,
		"speed": 256,
		"Gun": "Confusion bombs",
		"maxHealth": 20,
		"flags": 6356992,
		"probabilityToMove": 100,
		"probabilityToTrack": 50,
		"probabilityToShoot": 0,
		"actionDelay": 15
	},
	{
		"face": 5,
		"skin": 5,
		"arm": 5,
		"body": 0,
		"leg": 5,
		"hair": 12,
		"speed": 256,
		"Gun": "Browny gun",
		"maxHealth": 40,
		"flags": 1024,
		"probabilityToMove": 35,
		"probabilityToTrack": 25,
		"probabilityToShoot": 12,
		"actionDelay": 15
	},
	{
		"face": 5,
		"skin": 6,
		"arm": 6,
		"body": 0,
		"leg": 6,
		"hair": 12,
		"speed": 256,
		"Gun": "Browny gun",
		"maxHealth": 40,
		"flags": 0,
		"probabilityToMove": 50,
		"probabilityToTrack": 40,
		"probabilityToShoot": 27,
		"actionDelay": 15
	},
	{
		"face": 5,
		"skin": 3,
		"arm": 3,
		"body": 0,
		"leg": 3,
		"hair": 12,
		"speed": 256,
		"Gun": "Browny gun",
		"maxHealth": 40,
		"flags": 0,
		"probabilityToMove": 85,
		"probabilityToTrack": 70,
		"probabilityToShoot": 27,
		"actionDelay": 15
	},
	{
		"face": 5,
		"skin": 5,
		"arm": 5,
		"body": 0,
		"leg": 5,
		"hair": 12,
		"speed": 256,
		"Gun": "Petrify gun",
		"maxHealth": 40,
		"flags": 1024,
		"probabilityToMove": 20,
		"probabilityToTrack": 55,
		"probabilityToShoot": 32,
		"actionDelay": 15
	},
	{
		"face": 5,
		"skin": 4,
		"arm": 4,
		"body": 0,
		"leg": 4,
		"hair": 12,
		"speed": 256,
		"Gun": "Chemo gun",
		"maxHealth": 40,
		"flags": 1024,
		"probabilityToMove": 35,
		"probabilityToTrack": 25,
		"probabilityToShoot": 12,
		"actionDelay": 15
	},
	{
		"face": 13,
		"skin": 8,
		"arm": 8,
		"body": 6,
		"leg": 8,
		"hair": 12,
		"speed": 256,
		"Gun": "Powergun",
		"maxHealth": 80,
		"flags": 8389632,
		"probabilityToMove": 50,
		"probabilityToTrack": 50,
		"probabilityToShoot": 12,
		"actionDelay": 10
	},
	{
		"face": 13,
		"skin": 10,
		"arm": 10,
		"body": 2,
		"leg": 10,
		"hair": 12,
		"speed": 384,
		"Gun": "Knife",
		"maxHealth": 40,
		"flags": 1024,
		"probabilityToMove": 100,
		"probabilityToTrack": 80,
		"probabilityToShoot": 0,
		"actionDelay": 10
	},
	{
		"face": 5,
		"skin": 5,
		"arm": 5,
		"body": 0,
		"leg": 5,
		"hair": 12,
		"speed": 256,
		"Gun": "Confusion bombs",
		"maxHealth": 40,
		"flags": 1024,
		"probabilityToMove": 35,
		"probabilityToTrack": 25,
		"probabilityToShoot": 5,
		"actionDelay": 15
	},
	{
		"face": 5,
		"skin": 4,
		"arm": 4,
		"body": 0,
		"leg": 4,
		"hair": 12,
		"speed": 256,
		"Gun": "Chemo bombs",
		"maxHealth": 40,
		"flags": 1024,
		"probabilityToMove": 35,
		"probabilityToTrack": 25,
		"probabilityToShoot": 10,
		"actionDelay": 15
	},
	{
		"face": 5,
		"skin": 7,
		"arm": 7,
		"body": 0,
		"leg": 7,
		"hair": 12,
		"speed": 256,
		"Gun": "Knife",
		"maxHealth": 40,
		"flags": 0,
		"probabilityToMove": 55,
		"probabilityToTrack": 25,
		"probabilityToShoot": 0,
		"actionDelay": 15
	},
	{
		"face": 5,
		"skin": 6,
		"arm": 6,
		"body": 0,
		"leg": 6,
		"hair": 12,
		"speed": 256,
		"Gun": "Flamer",
		"maxHealth": 40,
		"flags": 0,
		"probabilityToMove": 50,
		"probabilityToTrack": 40,
		"probabilityToShoot": 27,
		"actionDelay": 15
	},
	{
		"face": 5,
		"skin": 8,
		"arm": 8,
		"body": 8,
		"leg": 8,
		"hair": 12,
		"speed": 256,
		"Gun": "Browny gun",
		"maxHealth": 40,
		"flags": 2048,
		"probabilityToMove": 35,
		"probabilityToTrack": 25,
		"probabilityToShoot": 12,
		"actionDelay": 15
	},
	{
		"face": 5,
		"skin": 8,
		"arm": 8,
		"body": 8,
		"leg": 8,
		"hair": 12,
		"speed": 256,
		"Gun": "Knife",
		"maxHealth": 40,
		"flags": 2048,
		"probabilityToMove": 60,
		"probabilityToTrack": 25,
		"probabilityToShoot": 0,
		"actionDelay": 15
	},
	{
		"face": 9,
		"skin": 11,
		"arm": 7,
		"body": 7,
		"leg": 9,
		"hair": 12,
		"speed": 256,
		"Gun": "Confusion bombs",
		"maxHealth": 20,
		"flags": 6356992,
		"probabilityToMove": 100,
		"probabilityToTrack": 5,
		"probabilityToShoot": 0,
		"actionDelay": 20
	},
	{
		"face": 9,
		"skin": 10,
		"arm": 7,
		"body": 7,
		"leg": 9,
		"hair": 8,
		"speed": 256,
		"Gun": "Confusion bombs",
		"maxHealth": 20,
		"flags": 6356992,
		"probabilityToMove": 100,
		"probabilityToTrack": 5,
		"probabilityToShoot": 0,
		"actionDelay": 20
	},
	{
		"face": 11,
		"skin": 1,
		"arm": 7,
		"body": 7,
		"leg": 9,
		"hair": 7,
		"speed": 256,
		"Gun": "Confusion bombs",
		"maxHealth": 20,
		"flags": 6356992,
		"probabilityToMove": 100,
		"probabilityToTrack": 5,
		"probabilityToShoot": 0,
		"actionDelay": 20
	},
	{
		"face": 12,
		"skin": 1,
		"arm": 7,
		"body": 7,
		"leg": 9,
		"hair": 6,
		"speed": 256,
		"Gun": "Confusion bombs",
		"maxHealth": 20,
		"flags": 6356992,
		"probabilityToMove": 100,
		"probabilityToTrack": 5,
		"probabilityToShoot": 0,
		"actionDelay": 20
	},
	{
		"face": 16,
		"skin": 10,
		"arm": 7,
		"body": 7,
		"leg": 9,
		"hair": 9,
		"speed": 256,
		"Gun": "Confusion bombs",
		"maxHealth": 20,
		"flags": 6356992,
		"probabilityToMove": 100,
		"probabilityToTrack": 5,
		"probabilityToShoot": 0,
		"actionDelay": 20
	},
	{
		"face": 13,
		"skin": 13,
		"arm": 13,
		"body": 13,
		"leg": 13,
		"hair": 12,
		"speed": 384,
		"Gun": "Molotovs",
		"maxHealth": 500,
		"flags": 41944576,
		"probabilityToMove": 80,
		"probabilityToTrack": 80,
		"probabilityToShoot": 10,
		"actionDelay": 10
	}]
}