{
	"Missions": [{
		"Title": "",
		"Description": "",
		"Type": "Static",
		"Width": 24,
		"Height": 28,
		"WallStyle": 4,
		"FloorStyle": 5,
		"RoomStyle": 2,
		"ExitStyle": 0,
		"KeyStyle": 0,
		"DoorStyle": 0,
		"Objectives": [],
		"Enemies": [],
		"SpecialChars": [],
		"MapObjectDensities": [],
		"EnemyDensity": 0,
		"Weapons": ["Pistol"],
		"Song": "",
		"WallColor": 18,
		"FloorColor": 14,
		"RoomColor": 4,
		"AltColor": 0,
		"Tiles": "1,1,1,1,1,1,1,1,1,1,1,1,1,1,1,1,1,1,1,1,1,1,1,1,1,0,0,0,0,0,0,0,0,0,0,0,0,0,0,0,0,0,0,0,0,0,0,1,1,0,0,0,0,0,0,0,0,0,0,0,0,0,0,0,0,0,0,0,0,0,0,1,1,0,0,0,0,0,1,1,1,0,0,0,0,0,0,0,1,1,1,0,0,0,0,1,1,0,0,0,0,3,3,3,3,3,3,3,3,3,3,3,3,3,3,3,0,0,0,1,1,0,0,0,0,3,3,3,3,3,3,3,3,3,3,3,3,3,3,3,0,0,0,1,1,0,0,0,0,3,3,0,0,0,3,3,3,3,3,0,0,0,3,3,0,0,0,1,1,0,0,0,0,3,3,0,0,0,3,3,3,3,3,0,0,0,3,3,0,0,0,1,1,0,0,0,0,3,3,0,0,0,3,3,3,3,3,0,0,0,3,3,0,0,0,1,1,0,0,0,0,3,3,0,0,0,3,3,3,3,3,0,0,0,3,3,0,0,0,1,1,0,0,0,1,3,3,3,3,3,3,3,3,3,3,3,3,3,3,3,1,0,0,1,1,0,0,0,0,3,3,3,3,3,3,3,3,3,3,3,3,3,3,3,0,0,0,1,1,0,0,0,0,3,3,3,3,3,3,4,4,4,3,3,3,3,3,3,0,0,0,1,1,0,0,0,0,3,3,3,3,3,3,4,1,4,3,3,3,3,3,3,0,0,0,1,1,0,0,0,0,3,3,3,3,3,3,4,1,4,3,3,3,3,3,3,0,0,0,1,1,0,0,0,0,3,3,3,3,3,3,4,4,4,3,3,3,3,3,3,0,0,0,1,1,0,0,0,0,3,3,3,3,3,3,3,3,3,3,3,3,3,3,3,0,0,0,1,1,0,0,0,1,3,3,3,3,3,3,3,3,3,3,3,3,3,3,3,1,0,0,1,1,0,0,0,0,3,3,0,0,0,3,3,3,3,3,0,0,0,3,3,0,0,0,1,1,0,0,0,0,3,3,0,0,0,3,3,3,3,3,0,0,0,3,3,0,0,0,1,1,0,0,0,0,3,3,0,0,0,3,3,3,3,3,0,0,0,3,3,0,0,0,1,1,0,0,0,0,3,3,0,0,0,3,3,3,3,3,0,0,0,3,3,0,0,0,1,1,0,0,0,0,3,3,3,3,3,3,3,3,3,3,3,3,3,3,3,0,0,0,1,1,0,0,0,0,3,3,3,3,3,3,3,3,3,3,3,3,3,3,3,0,0,0,1,1,0,0,0,0,0,1,1,1,0,0,0,0,0,0,0,1,1,1,0,0,0,0,1,1,0,0,0,0,0,0,0,0,0,0,0,0,0,0,0,0,0,0,0,0,0,0,1,1,0,0,0,0,0,0,0,0,0,0,0,0,0,0,0,0,0,0,0,0,0,0,1,1,1,1,1,1,1,1,1,1,1,1,1,1,1,1,1,1,1,1,1,1,1,1,1",
		"StaticItems": [{
			"MapObject": "Rockets spawner",
			"Positions": [[9,
			24],
			[15,
			24],
			[4,
			24],
			[4,
			3],
			[9,
			3],
			[15,
			3],
			[12,
			18],
			[12,
			9],
			[9,
			13],
			[15,
			13],
			[7,
			20],
			[15,
			15],
			[17,
			7]]
		},
		{
			"MapObject": "Shells spawner",
			"Positions": [[2,
			17],
			[2,
			10],
			[22,
			10],
			[22,
			17],
			[22,
			15]]
		},
		{
			"MapObject": "Bullets spawner",
			"Positions": [[20,
			3],
			[20,
			24]]
		},
		{
			"MapObject": "Super shotgun spawner",
			"Positions": [[22,
			12]]
		},
		{
			"MapObject": "health spawner",
			"Positions": [[9,
			18],
			[7,
			13]]
		},
		{
			"MapObject": "Machine gun spawner",
			"Positions": [[15,
			18]]
		},
		{
			"MapObject": "Mini cells spawner",
			"Positions": [[17,
			19],
			[7,
			7]]
		},
		{
			"MapObject": "Plasma gun spawner",
			"Positions": [[15,
			9]]
		},
		{
			"MapObject": "Launcher spawner",
			"Positions": [[9,
			9]]
		}],
		"StaticWrecks": [],
		"StaticCharacters": [],
		"StaticObjectives": [],
		"StaticKeys": [],
		"Start": [0,
		0],
		"Exit": {
			"Start": [0,
			0],
			"End": [0,
			0]
		}
	}]
}