{
	"Missions": [{
		"Title": "Piecemarker Challenge",
		"Description": "This mission involves the Piecemarker, a mediocre pistol. All pistols have a short range, perfect accuracy and they are rather slow.",
		"Type": "Classic",
		"Width": 70,
		"Height": 35,
		"WallStyle": 6,
		"FloorStyle": 2,
		"RoomStyle": 2,
		"ExitStyle": 0,
		"KeyStyle": 0,
		"DoorStyle": 0,
		"Objectives": [{
			"Description": "Kill all the enemies!",
			"Type": "Kill",
			"Index": 0,
			"Count": 10,
			"Required": 10,
			"Flags": 0
		}],
		"Enemies": [],
		"SpecialChars": [0],
		"Items": [],
		"ItemDensities": [],
		"EnemyDensity": 0,
		"Weapons": ["Piecemarker"],
		"Song": "",
		"WallColor": 21,
		"FloorColor": 22,
		"RoomColor": 22,
		"AltColor": 22,
		"Walls": 0,
		"WallLength": 0,
		"CorridorWidth": 1,
		"Rooms": {
			"Count": 0,
			"Min": 0,
			"Max": 0,
			"Edge": false,
			"Overlap": false,
			"Walls": 0,
			"WallLength": 0,
			"WallPad": 0
		},
		"Squares": 0,
		"Doors": {
			"Enabled": false,
			"Min": 0,
			"Max": 0
		},
		"Pillars": {
			"Count": 50,
			"Min": 2,
			"Max": 3
		}
	},
	{
		"Title": "PWN3r Challenge",
		"Description": "",
		"Type": "Classic",
		"Width": 48,
		"Height": 48,
		"WallStyle": 6,
		"FloorStyle": 2,
		"RoomStyle": 3,
		"ExitStyle": 0,
		"KeyStyle": 0,
		"DoorStyle": 0,
		"Objectives": [{
			"Description": "Kill all the enemies!",
			"Type": "Kill",
			"Index": 0,
			"Count": 10,
			"Required": 10,
			"Flags": 0
		}],
		"Enemies": [],
		"SpecialChars": [1],
		"Items": [],
		"ItemDensities": [],
		"EnemyDensity": 0,
		"Weapons": ["PWN3r"],
		"Song": "",
		"WallColor": 22,
		"FloorColor": 22,
		"RoomColor": 22,
		"AltColor": 23,
		"Walls": 0,
		"WallLength": 0,
		"CorridorWidth": 0,
		"Rooms": {
			"Count": 0,
			"Min": 0,
			"Max": 0,
			"Edge": false,
			"Overlap": false,
			"Walls": 0,
			"WallLength": 0,
			"WallPad": 0
		},
		"Squares": 0,
		"Doors": {
			"Enabled": false,
			"Min": 0,
			"Max": 0
		},
		"Pillars": {
			"Count": 50,
			"Min": 3,
			"Max": 3
		}
	},
	{
		"Title": "Pn-21 Challenge",
		"Description": "",
		"Type": "Classic",
		"Width": 45,
		"Height": 42,
		"WallStyle": 6,
		"FloorStyle": 2,
		"RoomStyle": 3,
		"ExitStyle": 0,
		"KeyStyle": 0,
		"DoorStyle": 0,
		"Objectives": [{
			"Description": "Kill all the enemies!",
			"Type": "Kill",
			"Index": 0,
			"Count": 10,
			"Required": 10,
			"Flags": 0
		}],
		"Enemies": [],
		"SpecialChars": [2],
		"Items": [],
		"ItemDensities": [],
		"EnemyDensity": 0,
		"Weapons": ["Pn-21"],
		"Song": "",
		"WallColor": 23,
		"FloorColor": 22,
		"RoomColor": 22,
		"AltColor": 23,
		"Walls": 0,
		"WallLength": 0,
		"CorridorWidth": 1,
		"Rooms": {
			"Count": 0,
			"Min": 0,
			"Max": 0,
			"Edge": false,
			"Overlap": false,
			"Walls": 0,
			"WallLength": 0,
			"WallPad": 0
		},
		"Squares": 0,
		"Doors": {
			"Enabled": false,
			"Min": 0,
			"Max": 0
		},
		"Pillars": {
			"Count": 50,
			"Min": 2,
			"Max": 2
		}
	},
	{
		"Title": "Seven-Seven Challenge",
		"Description": "",
		"Type": "Classic",
		"Width": 61,
		"Height": 61,
		"WallStyle": 6,
		"FloorStyle": 2,
		"RoomStyle": 3,
		"ExitStyle": 0,
		"KeyStyle": 0,
		"DoorStyle": 0,
		"Objectives": [{
			"Description": "Kill all the enemies!",
			"Type": "Kill",
			"Index": 0,
			"Count": 15,
			"Required": 15,
			"Flags": 0
		}],
		"Enemies": [],
		"SpecialChars": [3],
		"Items": [],
		"ItemDensities": [],
		"EnemyDensity": 0,
		"Weapons": ["Seven-Seven"],
		"Song": "",
		"WallColor": 21,
		"FloorColor": 23,
		"RoomColor": 22,
		"AltColor": 23,
		"Walls": 0,
		"WallLength": 0,
		"CorridorWidth": 2,
		"Rooms": {
			"Count": 0,
			"Min": 0,
			"Max": 0,
			"Edge": false,
			"Overlap": false,
			"Walls": 0,
			"WallLength": 0,
			"WallPad": 0
		},
		"Squares": 0,
		"Doors": {
			"Enabled": false,
			"Min": 0,
			"Max": 0
		},
		"Pillars": {
			"Count": 50,
			"Min": 3,
			"Max": 4
		}
	},
	{
		"Title": "JB007 Challenge",
		"Description": "",
		"Type": "Classic",
		"Width": 61,
		"Height": 65,
		"WallStyle": 6,
		"FloorStyle": 2,
		"RoomStyle": 3,
		"ExitStyle": 0,
		"KeyStyle": 0,
		"DoorStyle": 0,
		"Objectives": [{
			"Description": "Kill all the enemies!",
			"Type": "Kill",
			"Index": 0,
			"Count": 15,
			"Required": 15,
			"Flags": 0
		}],
		"Enemies": [],
		"SpecialChars": [4],
		"Items": [],
		"ItemDensities": [],
		"EnemyDensity": 0,
		"Weapons": ["JB007"],
		"Song": "",
		"WallColor": 22,
		"FloorColor": 23,
		"RoomColor": 22,
		"AltColor": 23,
		"Walls": 0,
		"WallLength": 0,
		"CorridorWidth": 1,
		"Rooms": {
			"Count": 0,
			"Min": 0,
			"Max": 0,
			"Edge": false,
			"Overlap": false,
			"Walls": 0,
			"WallLength": 0,
			"WallPad": 0
		},
		"Squares": 0,
		"Doors": {
			"Enabled": false,
			"Min": 0,
			"Max": 0
		},
		"Pillars": {
			"Count": 50,
			"Min": 2,
			"Max": 6
		}
	},
	{
		"Title": "Desert Hawk Challenge",
		"Description": "The Desert Hawk is our strongest pistol and you can some serious damage with it. It is also quite fast for a pistol.",
		"Type": "Classic",
		"Width": 64,
		"Height": 48,
		"WallStyle": 6,
		"FloorStyle": 2,
		"RoomStyle": 2,
		"ExitStyle": 0,
		"KeyStyle": 0,
		"DoorStyle": 0,
		"Objectives": [{
			"Description": "Kill all the enemies.",
			"Type": "Kill",
			"Index": 0,
			"Count": 20,
			"Required": 20,
			"Flags": 0
		}],
		"Enemies": [],
		"SpecialChars": [5],
		"Items": [],
		"ItemDensities": [],
		"EnemyDensity": 0,
		"Weapons": ["Desert Hawk"],
		"Song": "",
		"WallColor": 23,
		"FloorColor": 23,
		"RoomColor": 23,
		"AltColor": 21,
		"Walls": 0,
		"WallLength": 10,
		"CorridorWidth": 0,
		"Rooms": {
			"Count": 0,
			"Min": 5,
			"Max": 5,
			"Edge": false,
			"Overlap": false,
			"Walls": 0,
			"WallLength": 1,
			"WallPad": 2
		},
		"Squares": 1,
		"Doors": {
			"Enabled": false,
			"Min": 1,
			"Max": 4
		},
		"Pillars": {
			"Count": 40,
			"Min": 3,
			"Max": 7
		}
	},
	{
		"Title": "Mag Challenge",
		"Description": "You will use the Mag in this challenge, the first sub-machine gun. Sub-machine guns are fast guns with a good range but poor accuracy.",
		"Type": "Classic",
		"Width": 80,
		"Height": 60,
		"WallStyle": 1,
		"FloorStyle": 7,
		"RoomStyle": 5,
		"ExitStyle": 1,
		"KeyStyle": 0,
		"DoorStyle": 3,
		"Objectives": [{
			"Description": "Kill all the enemies!",
			"Type": "Kill",
			"Index": 0,
			"Count": 20,
			"Required": 20,
			"Flags": 0
		}],
		"Enemies": [],
		"SpecialChars": [6],
		"Items": [],
		"ItemDensities": [],
		"EnemyDensity": 0,
		"Weapons": ["Mag"],
		"Song": "",
		"WallColor": 18,
		"FloorColor": 20,
		"RoomColor": 20,
		"AltColor": 0,
		"Walls": 13,
		"WallLength": 10,
		"CorridorWidth": 2,
		"Rooms": {
			"Count": 13,
			"Min": 7,
			"Max": 13,
			"Edge": true,
			"Overlap": false,
			"Walls": 0,
			"WallLength": 0,
			"WallPad": 0
		},
		"Squares": 1,
		"Doors": {
			"Enabled": false,
			"Min": 2,
			"Max": 2
		},
		"Pillars": {
			"Count": 0,
			"Min": 0,
			"Max": 0
		}
	},
	{
		"Title": "MD5 Challenge",
		"Description": "",
		"Type": "Classic",
		"Width": 75,
		"Height": 60,
		"WallStyle": 1,
		"FloorStyle": 7,
		"RoomStyle": 5,
		"ExitStyle": 1,
		"KeyStyle": 0,
		"DoorStyle": 3,
		"Objectives": [{
			"Description": "Kill all the enemies!",
			"Type": "Kill",
			"Index": 0,
			"Count": 20,
			"Required": 20,
			"Flags": 0
		}],
		"Enemies": [],
		"SpecialChars": [7],
		"Items": [],
		"ItemDensities": [],
		"EnemyDensity": 0,
		"Weapons": ["MD5"],
		"Song": "",
		"WallColor": 18,
		"FloorColor": 19,
		"RoomColor": 20,
		"AltColor": 0,
		"Walls": 13,
		"WallLength": 10,
		"CorridorWidth": 2,
		"Rooms": {
			"Count": 13,
			"Min": 7,
			"Max": 15,
			"Edge": true,
			"Overlap": false,
			"Walls": 0,
			"WallLength": 0,
			"WallPad": 0
		},
		"Squares": 1,
		"Doors": {
			"Enabled": false,
			"Min": 2,
			"Max": 3
		},
		"Pillars": {
			"Count": 0,
			"Min": 0,
			"Max": 0
		}
	},
	{
		"Title": "Milit Challenge",
		"Description": "",
		"Type": "Classic",
		"Width": 80,
		"Height": 61,
		"WallStyle": 1,
		"FloorStyle": 7,
		"RoomStyle": 5,
		"ExitStyle": 1,
		"KeyStyle": 0,
		"DoorStyle": 3,
		"Objectives": [{
			"Description": "Kill all the enemies!",
			"Type": "Kill",
			"Index": 0,
			"Count": 20,
			"Required": 20,
			"Flags": 0
		}],
		"Enemies": [],
		"SpecialChars": [8],
		"Items": [],
		"ItemDensities": [],
		"EnemyDensity": 0,
		"Weapons": ["Milit"],
		"Song": "",
		"WallColor": 18,
		"FloorColor": 18,
		"RoomColor": 19,
		"AltColor": 0,
		"Walls": 13,
		"WallLength": 10,
		"CorridorWidth": 2,
		"Rooms": {
			"Count": 13,
			"Min": 7,
			"Max": 13,
			"Edge": true,
			"Overlap": false,
			"Walls": 0,
			"WallLength": 0,
			"WallPad": 0
		},
		"Squares": 2,
		"Doors": {
			"Enabled": false,
			"Min": 2,
			"Max": 2
		},
		"Pillars": {
			"Count": 0,
			"Min": 0,
			"Max": 0
		}
	},
	{
		"Title": "M500 Challenge",
		"Description": "",
		"Type": "Classic",
		"Width": 80,
		"Height": 61,
		"WallStyle": 1,
		"FloorStyle": 7,
		"RoomStyle": 5,
		"ExitStyle": 1,
		"KeyStyle": 0,
		"DoorStyle": 3,
		"Objectives": [{
			"Description": "Kill all the enemies!",
			"Type": "Kill",
			"Index": 0,
			"Count": 20,
			"Required": 20,
			"Flags": 0
		}],
		"Enemies": [],
		"SpecialChars": [9],
		"Items": [],
		"ItemDensities": [],
		"EnemyDensity": 0,
		"Weapons": ["M500"],
		"Song": "",
		"WallColor": 19,
		"FloorColor": 18,
		"RoomColor": 18,
		"AltColor": 0,
		"Walls": 20,
		"WallLength": 12,
		"CorridorWidth": 2,
		"Rooms": {
			"Count": 13,
			"Min": 7,
			"Max": 15,
			"Edge": true,
			"Overlap": false,
			"Walls": 0,
			"WallLength": 0,
			"WallPad": 0
		},
		"Squares": 2,
		"Doors": {
			"Enabled": false,
			"Min": 2,
			"Max": 2
		},
		"Pillars": {
			"Count": 0,
			"Min": 0,
			"Max": 0
		}
	},
	{
		"Title": "Angry Rabbit Challenge",
		"Description": "",
		"Type": "Classic",
		"Width": 71,
		"Height": 71,
		"WallStyle": 1,
		"FloorStyle": 7,
		"RoomStyle": 5,
		"ExitStyle": 1,
		"KeyStyle": 0,
		"DoorStyle": 3,
		"Objectives": [{
			"Description": "Kill all the enemies!",
			"Type": "Kill",
			"Index": 0,
			"Count": 20,
			"Required": 20,
			"Flags": 0
		}],
		"Enemies": [],
		"SpecialChars": [11],
		"Items": [],
		"ItemDensities": [],
		"EnemyDensity": 0,
		"Weapons": ["Angry Rabbit"],
		"Song": "",
		"WallColor": 20,
		"FloorColor": 19,
		"RoomColor": 19,
		"AltColor": 0,
		"Walls": 9,
		"WallLength": 10,
		"CorridorWidth": 2,
		"Rooms": {
			"Count": 13,
			"Min": 7,
			"Max": 13,
			"Edge": true,
			"Overlap": false,
			"Walls": 0,
			"WallLength": 0,
			"WallPad": 0
		},
		"Squares": 1,
		"Doors": {
			"Enabled": false,
			"Min": 2,
			"Max": 2
		},
		"Pillars": {
			"Count": 0,
			"Min": 0,
			"Max": 0
		}
	},
	{
		"Title": "X90 Challenge",
		"Description": "",
		"Type": "Classic",
		"Width": 80,
		"Height": 80,
		"WallStyle": 1,
		"FloorStyle": 7,
		"RoomStyle": 5,
		"ExitStyle": 1,
		"KeyStyle": 0,
		"DoorStyle": 3,
		"Objectives": [{
			"Description": "Kill all the enemies!",
			"Type": "Kill",
			"Index": 0,
			"Count": 20,
			"Required": 20,
			"Flags": 0
		}],
		"Enemies": [],
		"SpecialChars": [10],
		"Items": [],
		"ItemDensities": [],
		"EnemyDensity": 0,
		"Weapons": ["X90"],
		"Song": "",
		"WallColor": 20,
		"FloorColor": 20,
		"RoomColor": 23,
		"AltColor": 0,
		"Walls": 25,
		"WallLength": 17,
		"CorridorWidth": 2,
		"Rooms": {
			"Count": 20,
			"Min": 7,
			"Max": 14,
			"Edge": true,
			"Overlap": false,
			"Walls": 0,
			"WallLength": 0,
			"WallPad": 0
		},
		"Squares": 1,
		"Doors": {
			"Enabled": false,
			"Min": 2,
			"Max": 2
		},
		"Pillars": {
			"Count": 0,
			"Min": 0,
			"Max": 0
		}
	},
	{
		"Title": "SG1 Challenge",
		"Description": "The SG1 is a shotgun. This shotgun fires 5 bullets at once. Shotguns are most effective in a close range.",
		"Type": "Classic",
		"Width": 48,
		"Height": 48,
		"WallStyle": 1,
		"FloorStyle": 5,
		"RoomStyle": 10,
		"ExitStyle": 0,
		"KeyStyle": 0,
		"DoorStyle": 3,
		"Objectives": [{
			"Description": "Kill all the enemies!",
			"Type": "Kill",
			"Index": 0,
			"Count": 15,
			"Required": 15,
			"Flags": 0
		}],
		"Enemies": [],
		"SpecialChars": [12],
		"Items": [],
		"ItemDensities": [],
		"EnemyDensity": 0,
		"Weapons": ["SG1"],
		"Song": "",
		"WallColor": 0,
		"FloorColor": 14,
		"RoomColor": 20,
		"AltColor": 18,
		"Walls": 16,
		"WallLength": 4,
		"CorridorWidth": 1,
		"Rooms": {
			"Count": 6,
			"Min": 7,
			"Max": 10,
			"Edge": false,
			"Overlap": false,
			"Walls": 0,
			"WallLength": 1,
			"WallPad": 1
		},
		"Squares": 0,
		"Doors": {
			"Enabled": true,
			"Min": 1,
			"Max": 1
		},
		"Pillars": {
			"Count": 10,
			"Min": 1,
			"Max": 2
		}
	},
	{
		"Title": "SG2 Challenge",
		"Description": "The SG2 is a shotgun. It is faster and more damaging than the SG1 and quite a dangerous weapon.",
		"Type": "Classic",
		"Width": 62,
		"Height": 62,
		"WallStyle": 1,
		"FloorStyle": 5,
		"RoomStyle": 10,
		"ExitStyle": 0,
		"KeyStyle": 0,
		"DoorStyle": 3,
		"Objectives": [{
			"Description": "Kill all the enemies!",
			"Type": "Kill",
			"Index": 0,
			"Count": 15,
			"Required": 15,
			"Flags": 0
		}],
		"Enemies": [],
		"SpecialChars": [13],
		"Items": [],
		"ItemDensities": [],
		"EnemyDensity": 0,
		"Weapons": ["SG2"],
		"Song": "",
		"WallColor": 2,
		"FloorColor": 12,
		"RoomColor": 21,
		"AltColor": 21,
		"Walls": 12,
		"WallLength": 4,
		"CorridorWidth": 1,
		"Rooms": {
			"Count": 10,
			"Min": 8,
			"Max": 11,
			"Edge": true,
			"Overlap": false,
			"Walls": 1,
			"WallLength": 3,
			"WallPad": 2
		},
		"Squares": 0,
		"Doors": {
			"Enabled": true,
			"Min": 1,
			"Max": 1
		},
		"Pillars": {
			"Count": 10,
			"Min": 4,
			"Max": 4
		}
	},
	{
		"Title": "Poshlinov Challenge",
		"Description": "",
		"Type": "Classic",
		"Width": 62,
		"Height": 80,
		"WallStyle": 1,
		"FloorStyle": 7,
		"RoomStyle": 7,
		"ExitStyle": 0,
		"KeyStyle": 0,
		"DoorStyle": 0,
		"Objectives": [{
			"Description": "Kill all the enemies!",
			"Type": "Kill",
			"Index": 0,
			"Count": 15,
			"Required": 15,
			"Flags": 0
		}],
		"Enemies": [],
		"SpecialChars": [14],
		"Items": [],
		"ItemDensities": [],
		"EnemyDensity": 0,
		"Weapons": ["Poshlinov"],
		"Song": "",
		"WallColor": 7,
		"FloorColor": 17,
		"RoomColor": 8,
		"AltColor": 0,
		"Walls": 12,
		"WallLength": 4,
		"CorridorWidth": 1,
		"Rooms": {
			"Count": 10,
			"Min": 8,
			"Max": 11,
			"Edge": true,
			"Overlap": false,
			"Walls": 1,
			"WallLength": 3,
			"WallPad": 2
		},
		"Squares": 0,
		"Doors": {
			"Enabled": true,
			"Min": 1,
			"Max": 1
		},
		"Pillars": {
			"Count": 10,
			"Min": 4,
			"Max": 4
		}
	},
	{
		"Title": "GS-49 Challenge",
		"Description": "",
		"Type": "Classic",
		"Width": 62,
		"Height": 57,
		"WallStyle": 1,
		"FloorStyle": 7,
		"RoomStyle": 8,
		"ExitStyle": 0,
		"KeyStyle": 0,
		"DoorStyle": 0,
		"Objectives": [{
			"Description": "Kill all the enemies!",
			"Type": "Kill",
			"Index": 0,
			"Count": 15,
			"Required": 15,
			"Flags": 0
		}],
		"Enemies": [],
		"SpecialChars": [15],
		"Items": [],
		"ItemDensities": [],
		"EnemyDensity": 0,
		"Weapons": ["GS-49"],
		"Song": "",
		"WallColor": 6,
		"FloorColor": 15,
		"RoomColor": 8,
		"AltColor": 0,
		"Walls": 12,
		"WallLength": 4,
		"CorridorWidth": 1,
		"Rooms": {
			"Count": 12,
			"Min": 7,
			"Max": 11,
			"Edge": true,
			"Overlap": false,
			"Walls": 1,
			"WallLength": 3,
			"WallPad": 2
		},
		"Squares": 0,
		"Doors": {
			"Enabled": true,
			"Min": 1,
			"Max": 1
		},
		"Pillars": {
			"Count": 10,
			"Min": 4,
			"Max": 4
		}
	},
	{
		"Title": "STORM Challenge",
		"Description": "",
		"Type": "Classic",
		"Width": 50,
		"Height": 50,
		"WallStyle": 1,
		"FloorStyle": 7,
		"RoomStyle": 8,
		"ExitStyle": 0,
		"KeyStyle": 0,
		"DoorStyle": 0,
		"Objectives": [{
			"Description": "Kill all the enemies!",
			"Type": "Kill",
			"Index": 0,
			"Count": 15,
			"Required": 15,
			"Flags": 0
		}],
		"Enemies": [],
		"SpecialChars": [16],
		"Items": [],
		"ItemDensities": [],
		"EnemyDensity": 0,
		"Weapons": ["STORM"],
		"Song": "",
		"WallColor": 8,
		"FloorColor": 17,
		"RoomColor": 8,
		"AltColor": 0,
		"Walls": 12,
		"WallLength": 4,
		"CorridorWidth": 1,
		"Rooms": {
			"Count": 6,
			"Min": 7,
			"Max": 11,
			"Edge": true,
			"Overlap": false,
			"Walls": 1,
			"WallLength": 3,
			"WallPad": 2
		},
		"Squares": 0,
		"Doors": {
			"Enabled": true,
			"Min": 1,
			"Max": 1
		},
		"Pillars": {
			"Count": 10,
			"Min": 4,
			"Max": 4
		}
	},
	{
		"Title": "GH55b",
		"Description": "",
		"Type": "Classic",
		"Width": 65,
		"Height": 55,
		"WallStyle": 1,
		"FloorStyle": 7,
		"RoomStyle": 8,
		"ExitStyle": 0,
		"KeyStyle": 0,
		"DoorStyle": 0,
		"Objectives": [{
			"Description": "Kill all the enemies!",
			"Type": "Kill",
			"Index": 0,
			"Count": 15,
			"Required": 15,
			"Flags": 0
		}],
		"Enemies": [],
		"SpecialChars": [17],
		"Items": [],
		"ItemDensities": [],
		"EnemyDensity": 0,
		"Weapons": ["GH55b"],
		"Song": "",
		"WallColor": 8,
		"FloorColor": 17,
		"RoomColor": 8,
		"AltColor": 0,
		"Walls": 12,
		"WallLength": 4,
		"CorridorWidth": 1,
		"Rooms": {
			"Count": 6,
			"Min": 7,
			"Max": 11,
			"Edge": true,
			"Overlap": false,
			"Walls": 1,
			"WallLength": 3,
			"WallPad": 2
		},
		"Squares": 0,
		"Doors": {
			"Enabled": true,
			"Min": 1,
			"Max": 1
		},
		"Pillars": {
			"Count": 5,
			"Min": 2,
			"Max": 4
		}
	},
	{
		"Title": "POW9 Challenge",
		"Description": "",
		"Type": "Classic",
		"Width": 62,
		"Height": 62,
		"WallStyle": 1,
		"FloorStyle": 7,
		"RoomStyle": 8,
		"ExitStyle": 0,
		"KeyStyle": 0,
		"DoorStyle": 0,
		"Objectives": [{
			"Description": "Kill all the enemies!",
			"Type": "Kill",
			"Index": 0,
			"Count": 15,
			"Required": 15,
			"Flags": 0
		}],
		"Enemies": [],
		"SpecialChars": [18],
		"Items": [],
		"ItemDensities": [],
		"EnemyDensity": 0,
		"Weapons": ["POW9"],
		"Song": "",
		"WallColor": 6,
		"FloorColor": 15,
		"RoomColor": 6,
		"AltColor": 0,
		"Walls": 24,
		"WallLength": 4,
		"CorridorWidth": 1,
		"Rooms": {
			"Count": 6,
			"Min": 7,
			"Max": 12,
			"Edge": true,
			"Overlap": false,
			"Walls": 1,
			"WallLength": 3,
			"WallPad": 2
		},
		"Squares": 0,
		"Doors": {
			"Enabled": true,
			"Min": 1,
			"Max": 1
		},
		"Pillars": {
			"Count": 10,
			"Min": 4,
			"Max": 4
		}
	},
	{
		"Title": "Raging Pitbull Challenge",
		"Description": "",
		"Type": "Classic",
		"Width": 40,
		"Height": 80,
		"WallStyle": 1,
		"FloorStyle": 7,
		"RoomStyle": 8,
		"ExitStyle": 0,
		"KeyStyle": 0,
		"DoorStyle": 0,
		"Objectives": [{
			"Description": "Kill all the enemies!",
			"Type": "Kill",
			"Index": 0,
			"Count": 15,
			"Required": 15,
			"Flags": 0
		}],
		"Enemies": [],
		"SpecialChars": [19],
		"Items": [],
		"ItemDensities": [],
		"EnemyDensity": 0,
		"Weapons": ["Raging Pitbull"],
		"Song": "",
		"WallColor": 6,
		"FloorColor": 15,
		"RoomColor": 6,
		"AltColor": 0,
		"Walls": 24,
		"WallLength": 4,
		"CorridorWidth": 2,
		"Rooms": {
			"Count": 6,
			"Min": 5,
			"Max": 12,
			"Edge": true,
			"Overlap": false,
			"Walls": 1,
			"WallLength": 3,
			"WallPad": 2
		},
		"Squares": 0,
		"Doors": {
			"Enabled": true,
			"Min": 1,
			"Max": 1
		},
		"Pillars": {
			"Count": 10,
			"Min": 4,
			"Max": 4
		}
	},
	{
		"Title": "HITPRO Challenge",
		"Description": "",
		"Type": "Classic",
		"Width": 48,
		"Height": 48,
		"WallStyle": 1,
		"FloorStyle": 4,
		"RoomStyle": 0,
		"ExitStyle": 0,
		"KeyStyle": 0,
		"DoorStyle": 0,
		"Objectives": [{
			"Description": "",
			"Type": "Kill",
			"Index": 0,
			"Count": 10,
			"Required": 10,
			"Flags": 0
		}],
		"Enemies": [],
		"SpecialChars": [20],
		"Items": [],
		"ItemDensities": [],
		"EnemyDensity": 0,
		"Weapons": ["HITPRO"],
		"Song": "",
		"WallColor": 2,
		"FloorColor": 0,
		"RoomColor": 2,
		"AltColor": 0,
		"Walls": 8,
		"WallLength": 12,
		"CorridorWidth": 0,
		"Rooms": {
			"Count": 1,
			"Min": 7,
			"Max": 11,
			"Edge": false,
			"Overlap": false,
			"Walls": 0,
			"WallLength": 0,
			"WallPad": 0
		},
		"Squares": 0,
		"Doors": {
			"Enabled": false,
			"Min": 0,
			"Max": 0
		},
		"Pillars": {
			"Count": 7,
			"Min": 2,
			"Max": 4
		}
	},
	{
		"Title": "SNP6+ Challenge",
		"Description": "",
		"Type": "Classic",
		"Width": 40,
		"Height": 67,
		"WallStyle": 1,
		"FloorStyle": 4,
		"RoomStyle": 0,
		"ExitStyle": 0,
		"KeyStyle": 0,
		"DoorStyle": 0,
		"Objectives": [{
			"Description": "",
			"Type": "Kill",
			"Index": 0,
			"Count": 10,
			"Required": 10,
			"Flags": 0
		}],
		"Enemies": [],
		"SpecialChars": [21],
		"Items": [],
		"ItemDensities": [],
		"EnemyDensity": 0,
		"Weapons": ["SNP6+"],
		"Song": "",
		"WallColor": 2,
		"FloorColor": 0,
		"RoomColor": 2,
		"AltColor": 0,
		"Walls": 14,
		"WallLength": 13,
		"CorridorWidth": 0,
		"Rooms": {
			"Count": 1,
			"Min": 7,
			"Max": 11,
			"Edge": false,
			"Overlap": false,
			"Walls": 0,
			"WallLength": 0,
			"WallPad": 0
		},
		"Squares": 0,
		"Doors": {
			"Enabled": false,
			"Min": 0,
			"Max": 0
		},
		"Pillars": {
			"Count": 7,
			"Min": 2,
			"Max": 4
		}
	},
	{
		"Title": "1S1K Challenge",
		"Description": "",
		"Type": "Classic",
		"Width": 60,
		"Height": 59,
		"WallStyle": 1,
		"FloorStyle": 4,
		"RoomStyle": 0,
		"ExitStyle": 0,
		"KeyStyle": 0,
		"DoorStyle": 0,
		"Objectives": [{
			"Description": "",
			"Type": "Kill",
			"Index": 0,
			"Count": 13,
			"Required": 13,
			"Flags": 0
		}],
		"Enemies": [],
		"SpecialChars": [22],
		"Items": [],
		"ItemDensities": [],
		"EnemyDensity": 0,
		"Weapons": ["1S1K"],
		"Song": "",
		"WallColor": 2,
		"FloorColor": 0,
		"RoomColor": 2,
		"AltColor": 0,
		"Walls": 8,
		"WallLength": 12,
		"CorridorWidth": 0,
		"Rooms": {
			"Count": 2,
			"Min": 7,
			"Max": 11,
			"Edge": false,
			"Overlap": false,
			"Walls": 0,
			"WallLength": 0,
			"WallPad": 0
		},
		"Squares": 0,
		"Doors": {
			"Enabled": false,
			"Min": 0,
			"Max": 0
		},
		"Pillars": {
			"Count": 10,
			"Min": 3,
			"Max": 6
		}
	},
	{
		"Title": "MG5000 Challenge",
		"Description": "",
		"Type": "Classic",
		"Width": 60,
		"Height": 60,
		"WallStyle": 3,
		"FloorStyle": 3,
		"RoomStyle": 0,
		"ExitStyle": 0,
		"KeyStyle": 0,
		"DoorStyle": 0,
		"Objectives": [{
			"Description": "",
			"Type": "Kill",
			"Index": 0,
			"Count": 13,
			"Required": 13,
			"Flags": 0
		}],
		"Enemies": [],
		"SpecialChars": [23],
		"Items": [],
		"ItemDensities": [],
		"EnemyDensity": 0,
		"Weapons": ["MG5000"],
		"Song": "",
		"WallColor": 5,
		"FloorColor": 3,
		"RoomColor": 3,
		"AltColor": 3,
		"Walls": 0,
		"WallLength": 0,
		"CorridorWidth": 0,
		"Rooms": {
			"Count": 5,
			"Min": 0,
			"Max": 0,
			"Edge": false,
			"Overlap": false,
			"Walls": 0,
			"WallLength": 0,
			"WallPad": 0
		},
		"Squares": 0,
		"Doors": {
			"Enabled": false,
			"Min": 0,
			"Max": 0
		},
		"Pillars": {
			"Count": 0,
			"Min": 0,
			"Max": 0
		}
	},
	{
		"Title": "MG6000 Challenge",
		"Description": "",
		"Type": "Classic",
		"Width": 75,
		"Height": 75,
		"WallStyle": 3,
		"FloorStyle": 3,
		"RoomStyle": 0,
		"ExitStyle": 0,
		"KeyStyle": 0,
		"DoorStyle": 0,
		"Objectives": [{
			"Description": "",
			"Type": "Kill",
			"Index": 0,
			"Count": 15,
			"Required": 15,
			"Flags": 0
		}],
		"Enemies": [],
		"SpecialChars": [24],
		"Items": [],
		"ItemDensities": [],
		"EnemyDensity": 0,
		"Weapons": ["MG6000"],
		"Song": "",
		"WallColor": 3,
		"FloorColor": 5,
		"RoomColor": 5,
		"AltColor": 5,
		"Walls": 0,
		"WallLength": 0,
		"CorridorWidth": 2,
		"Rooms": {
			"Count": 5,
			"Min": 8,
			"Max": 11,
			"Edge": false,
			"Overlap": false,
			"Walls": 0,
			"WallLength": 0,
			"WallPad": 0
		},
		"Squares": 0,
		"Doors": {
			"Enabled": false,
			"Min": 1,
			"Max": 2
		},
		"Pillars": {
			"Count": 11,
			"Min": 6,
			"Max": 7
		}
	}]
}